{
  "IcoMoonType": "selection",
  "icons": [
    {
      "icon": {
        "paths": [
          "M26.712 126.010v471.938h78.656v-416.328l807.913 807.915 55.613-55.608-807.916-807.917h416.324v-78.656h-471.934c-43.379 0-78.656 35.277-78.656 78.656z"
        ],
        "attrs": [],
        "width": 975,
        "isMulticolor": false,
        "isMulticolor2": false,
        "grid": 0,
        "tags": [
          "footer-arrow"
        ],
        "colorPermutations": {}
      },
      "attrs": [],
      "properties": {
        "order": 163,
        "id": 0,
        "name": "footer-arrow",
        "prevSize": 32
      },
      "setIdx": 0,
      "setId": 32,
      "iconIdx": 0
    }
  ],
  "height": 1024,
  "preferences": {
    "showGlyphs": true,
    "showQuickUse": true,
    "showQuickUse2": true,
    "showSVGs": true,
    "fontPref": {
      "prefix": "icon-",
      "metadata": {
        "fontFamily": "icons",
        "majorVersion": 1,
        "minorVersion": 0
      },
      "metrics": {
        "emSize": 1024,
        "baseline": 6.25,
        "whitespace": 50
      },
      "embed": false,
      "ie7": true,
      "noie8": false,
      "showSelector": false,
      "showMetrics": false,
      "showMetadata": false
    },
    "imagePref": {
      "prefix": "icon-",
      "png": true,
      "useClassSelector": true,
      "color": 0,
      "bgColor": 16777215,
      "classSelector": ".icon",
      "name": "icomoon",
      "height": 32,
      "columns": 16,
      "margin": 16,
      "minifyJs": false,
      "addBgColor": false,
      "sprite": false,
      "xaml": false,
      "polymer": false,
      "overrideSize": false
    },
    "historySize": 50,
    "showCodes": true,
    "gridSize": 16,
    "showGrid": true
  }
}