{
  "IcoMoonType": "selection",
  "icons": [
    {
      "icon": {
        "paths": [
          "M966.649 103.14v496.806h-79.704v-438.266l-818.684 850.489-56.351-58.539 818.683-850.491h-421.874v-82.801h478.226c43.957 0 79.704 37.136 79.704 82.801z"
        ],
        "attrs": [],
        "width": 978,
        "isMulticolor": false,
        "isMulticolor2": false,
        "grid": 0,
        "tags": [
          "icon-footer-arrow-right"
        ],
        "colorPermutations": {}
      },
      "attrs": [],
      "properties": {
        "order": 164,
        "id": 0,
        "name": "icon-footer-arrow-right",
        "prevSize": 32
      },
      "setIdx": 0,
      "setId": 33,
      "iconIdx": 1
    }
  ],
  "height": 1024,
  "preferences": {
    "showGlyphs": true,
    "showQuickUse": true,
    "showQuickUse2": true,
    "showSVGs": true,
    "fontPref": {
      "prefix": "icon-",
      "metadata": {
        "fontFamily": "icons",
        "majorVersion": 1,
        "minorVersion": 0
      },
      "metrics": {
        "emSize": 1024,
        "baseline": 6.25,
        "whitespace": 50
      },
      "embed": false,
      "ie7": true,
      "noie8": false,
      "showSelector": false,
      "showMetrics": false,
      "showMetadata": false
    },
    "imagePref": {
      "prefix": "icon-",
      "png": true,
      "useClassSelector": true,
      "color": 0,
      "bgColor": 16777215,
      "classSelector": ".icon",
      "name": "icomoon",
      "height": 32,
      "columns": 16,
      "margin": 16,
      "minifyJs": false,
      "addBgColor": false,
      "sprite": false,
      "xaml": false,
      "polymer": false,
      "overrideSize": false
    },
    "historySize": 50,
    "showCodes": true,
    "gridSize": 16,
    "showGrid": true
  }
}