{
  "IcoMoonType": "selection",
  "icons": [
    {
      "icon": {
        "paths": [
          "M1083.022 1003.012l884.684-877.081c28.966-28.737 28.915-75.262-0.154-103.95-29.069-28.666-76.147-28.592-105.139 0.148l-832.027 824.874-832.020-824.904c-28.995-28.737-76.049-28.811-105.118-0.148-14.572 14.381-21.859 33.222-21.859 52.062 0 18.792 7.237 37.559 21.709 51.914l884.657 877.085c13.928 13.841 32.883 21.608 52.632 21.608s38.682-7.789 52.636-21.608z"
        ],
        "attrs": [],
        "width": 2048,
        "isMulticolor": false,
        "isMulticolor2": false,
        "grid": 0,
        "tags": [
          "menu-down"
        ],
        "colorPermutations": {}
      },
      "attrs": [],
      "properties": {
        "order": 158,
        "id": 0,
        "name": "menu-down",
        "prevSize": 32
      },
      "setIdx": 0,
      "setId": 29,
      "iconIdx": 0
    }
  ],
  "height": 1024,
  "preferences": {
    "showGlyphs": true,
    "showQuickUse": true,
    "showQuickUse2": true,
    "showSVGs": true,
    "fontPref": {
      "prefix": "icon-",
      "metadata": {
        "fontFamily": "icons",
        "majorVersion": 1,
        "minorVersion": 0
      },
      "metrics": {
        "emSize": 1024,
        "baseline": 6.25,
        "whitespace": 50
      },
      "embed": false,
      "ie7": true,
      "noie8": false,
      "showSelector": false,
      "showMetrics": false,
      "showMetadata": false
    },
    "imagePref": {
      "prefix": "icon-",
      "png": true,
      "useClassSelector": true,
      "color": 0,
      "bgColor": 16777215,
      "classSelector": ".icon",
      "name": "icomoon",
      "height": 32,
      "columns": 16,
      "margin": 16,
      "minifyJs": false,
      "addBgColor": false,
      "sprite": false,
      "xaml": false,
      "polymer": false,
      "overrideSize": false
    },
    "historySize": 50,
    "showCodes": true,
    "gridSize": 16,
    "showGrid": true
  }
}