{
  "IcoMoonType": "selection",
  "icons": [
    {
      "icon": {
        "paths": [
          "M852.847 941.716l-758.296-751.784c-24.83-24.632-24.788-64.51 0.128-89.1 24.914-24.571 65.271-24.508 90.121 0.127l713.163 707.036 713.155-707.062c24.854-24.631 65.185-24.695 90.112-0.127 12.493 12.327 18.739 28.476 18.739 44.625 0 16.108-6.217 32.194-18.608 44.498l-758.284 751.787c-11.938 11.864-28.186 18.52-45.115 18.52-16.927 0-33.156-6.675-45.116-18.52z"
        ],
        "attrs": [],
        "width": 1755,
        "isMulticolor": false,
        "isMulticolor2": false,
        "grid": 0,
        "tags": [
          "form-arrow-down"
        ],
        "colorPermutations": {}
      },
      "attrs": [],
      "properties": {
        "order": 162,
        "id": 0,
        "name": "form-arrow-down",
        "prevSize": 32
      },
      "setIdx": 0,
      "setId": 31,
      "iconIdx": 0
    }
  ],
  "height": 1024,
  "preferences": {
    "showGlyphs": true,
    "showQuickUse": true,
    "showQuickUse2": true,
    "showSVGs": true,
    "fontPref": {
      "prefix": "icon-",
      "metadata": {
        "fontFamily": "icons",
        "majorVersion": 1,
        "minorVersion": 0
      },
      "metrics": {
        "emSize": 1024,
        "baseline": 6.25,
        "whitespace": 50
      },
      "embed": false,
      "ie7": true,
      "noie8": false,
      "showSelector": false,
      "showMetrics": false,
      "showMetadata": false
    },
    "imagePref": {
      "prefix": "icon-",
      "png": true,
      "useClassSelector": true,
      "color": 0,
      "bgColor": 16777215,
      "classSelector": ".icon",
      "name": "icomoon",
      "height": 32,
      "columns": 16,
      "margin": 16,
      "minifyJs": false,
      "addBgColor": false,
      "sprite": false,
      "xaml": false,
      "polymer": false,
      "overrideSize": false
    },
    "historySize": 50,
    "showCodes": true,
    "gridSize": 16,
    "showGrid": true
  }
}