{
  "IcoMoonType": "selection",
  "icons": [
    {
      "icon": {
        "paths": [
          "M72.793 507.506l438.034-442.852c14.351-14.501 37.587-14.477 51.915 0.075 14.316 14.55 14.28 38.12-0.074 52.632l-411.96 416.494 411.975 416.494c14.352 14.509 14.388 38.067 0.074 52.621-7.183 7.29-16.592 10.938-26.001 10.938-9.385 0-18.757-3.622-25.927-10.867l-438.035-442.839c-6.912-6.972-10.791-16.46-10.791-26.346s3.89-19.364 10.791-26.349z"
        ],
        "attrs": [],
        "width": 576,
        "isMulticolor": false,
        "isMulticolor2": false,
        "grid": 0,
        "tags": [
          "arrow-left"
        ],
        "colorPermutations": {}
      },
      "attrs": [],
      "properties": {
        "order": 159,
        "id": 1,
        "name": "arrow-left",
        "prevSize": 32
      },
      "setIdx": 0,
      "setId": 30,
      "iconIdx": 0
    },
    {
      "icon": {
        "paths": [
          "M535.169 477.787l-445.586-442.852c-14.599-14.501-38.235-14.477-52.81 0.075-14.563 14.55-14.526 38.119 0.075 52.632l419.064 416.493-419.079 416.492c-14.599 14.515-14.637 38.067-0.075 52.621 7.306 7.296 16.878 10.944 26.449 10.944 9.547 0 19.081-3.622 26.374-10.867l445.588-442.842c7.032-6.972 10.977-16.461 10.977-26.347s-3.957-19.363-10.977-26.349z"
        ],
        "attrs": [],
        "width": 576,
        "isMulticolor": false,
        "isMulticolor2": false,
        "grid": 0,
        "tags": [
          "arrow-right"
        ],
        "colorPermutations": {}
      },
      "attrs": [],
      "properties": {
        "order": 160,
        "id": 0,
        "name": "arrow-right",
        "prevSize": 32
      },
      "setIdx": 0,
      "setId": 30,
      "iconIdx": 1
    }
  ],
  "height": 1024,
  "preferences": {
    "showGlyphs": true,
    "showQuickUse": true,
    "showQuickUse2": true,
    "showSVGs": true,
    "fontPref": {
      "prefix": "icon-",
      "metadata": {
        "fontFamily": "icons",
        "majorVersion": 1,
        "minorVersion": 0
      },
      "metrics": {
        "emSize": 1024,
        "baseline": 6.25,
        "whitespace": 50
      },
      "embed": false,
      "ie7": true,
      "noie8": false,
      "showSelector": false,
      "showMetrics": false,
      "showMetadata": false
    },
    "imagePref": {
      "prefix": "icon-",
      "png": true,
      "useClassSelector": true,
      "color": 0,
      "bgColor": 16777215,
      "classSelector": ".icon",
      "name": "icomoon",
      "height": 32,
      "columns": 16,
      "margin": 16,
      "minifyJs": false,
      "addBgColor": false,
      "sprite": false,
      "xaml": false,
      "polymer": false,
      "overrideSize": false
    },
    "historySize": 50,
    "showCodes": true,
    "gridSize": 16,
    "showGrid": true
  }
}